{"cameraMode":{"drawMode":0,"name":"Shaded","section":"Shading Mode"},"sceneLighting":true,"audioPlay":false,"sceneViewState":{"showFog":true,"showMaterialUpdate":false,"showSkybox":false,"showFlares":true,"showImageEffects":true,"showParticleSystems":true},"in2DMode":false,"pivot":{"x":-1.300887107849121,"y":12.356781005859375,"z":3.325167417526245},"rotation":{"x":-0.0027520423755049707,"y":0.7912718653678894,"z":-0.0035605092998594047,"w":-0.6114479303359985},"size":18.29778289794922,"orthographic":false}