{"cameraMode":{"drawMode":0,"name":"Shaded","section":"Shading Mode"},"sceneLighting":true,"audioPlay":false,"sceneViewState":{"showFog":true,"showMaterialUpdate":false,"showSkybox":true,"showFlares":true,"showImageEffects":true,"showParticleSystems":true},"in2DMode":false,"pivot":{"x":2.8394813537597658,"y":16.235408782958986,"z":-10.985923767089844},"rotation":{"x":-0.34814825654029848,"y":0.28908267617225649,"z":-0.11379224061965943,"w":-0.8844633102416992},"size":19.699525833129884,"orthographic":false}